<?xml version="1.0"?>
<!DOCTYPE hibernate-mapping PUBLIC "-//Hibernate/Hibernate Mapping DTD 3.0//EN"
"http://www.hibernate.org/dtd/hibernate-mapping-3.0.dtd">

<hibernate-mapping>
	<!-- class name is the fully qualified name of the POJO class -->
	<!-- table is the name of the database table which represents the Student -->
	<class name="com.src.model.Customer" table="customer21">
	
		<!-- Attribute id is mapped to the column employee_id -->
		<id name="addId" type="integer">
			<column name="Address_Id" />
			<generator class="increment"></generator>
		</id>

		<!-- Attribute name is mapped to the column house_no -->
		<property name="houseNo" type="integer">
			<column name="House_No" length="10" />
		</property>
		
		<!-- Attribute name is mapped to the column city -->
		<property name="city" type="string">
			<column name="City" length="20" />
		</property>
		
		<!-- Attribute name is mapped to the column state -->
		<property name="state" type="string">
			<column name="State" length="20" />
		</property>

		<!-- Attribute name is mapped to the column pinCode -->
		<property name="pinCode" type="long">
			<column name="PinCode" length="10" />
		</property>

	</class>
</hibernate-mapping>