<?xml version="1.0"?>
<!DOCTYPE hibernate-mapping PUBLIC "-//Hibernate/Hibernate Mapping DTD 3.0//EN"
"http://www.hibernate.org/dtd/hibernate-mapping-3.0.dtd">

<hibernate-mapping>
	<!-- class name is the fully qualified name of the POJO class -->
	<!-- table is the name of the database table which represents the Student -->
	<class name="com.src.model.Employee" table="employee21">
	
		<!-- Attribute id is mapped to the column employee_id -->
		<id name="empId" type="integer">
			<column name="Employee_Id" />
			<generator class="increment"></generator>
		</id>

		<!-- Attribute name is mapped to the column employee_name -->
		<property name="empName" type="string">
			<column name="Employee_Name" length="50" />
		</property>

		<!-- Attribute name is mapped to the column Address_class -->
		<many-to-one name="ad" cascade="all"></many-to-one>
	</class>
</hibernate-mapping>