<?xml version="1.0"?>
<!DOCTYPE hibernate-mapping PUBLIC "-//Hibernate/Hibernate Mapping DTD 3.0//EN"
"http://www.hibernate.org/dtd/hibernate-mapping-3.0.dtd">

<hibernate-mapping>
	<!-- class name is the fully qualified name of the POJO class -->
	<!-- table is the name of the database table which represents the Student -->
	<class name="com.src.model.Person" table="pers" >
		<!-- Attribute id is mapped to the column student_id -->
		<id name="personId" type="integer">
			<column name="personId" />
			<generator class="increment"></generator>
		</id>
		

		<!-- Attribute name is mapped to the column student_name -->
		<property name="firstname" type="string">
			<column name="firstname" length="10"  />
		</property>

		<!-- Attribute age is mapped to the column "student_age" -->
		<property name="lastname" type="string">
			<column name="lastname" length="20" />
		</property>
		<union-subclass name="com.src.model.Employee" table="empl" >
		
		<property name="empid" type="integer">
			<column name="empid" length="20" />
		</property>
		<property name="departmentName" type="string">
			<column name="departmentName" length="20" />
		</property>
		</union-subclass>
		<union-subclass name="com.src.model.Owner"  table="owne" >
		
		<property name="stocks" type="integer">
			<column name="salary" length="20" />
		</property>
		<property name="partnershipStake" type="integer">
			<column name="partnershipStake" length="20" />
		</property>
		</union-subclass>
	</class>
	</hibernate-mapping>