<?xml version="1.0"?>
<!DOCTYPE hibernate-mapping PUBLIC "-//Hibernate/Hibernate Mapping DTD 3.0//EN"
"http://www.hibernate.org/dtd/hibernate-mapping-3.0.dtd">

<hibernate-mapping>
	<!-- class name is the fully qualified name of the POJO class -->
	<!-- table is the name of the database table which represents the Student -->
	<class name="com.src.model.Customer" table="customer11" >
		<!-- Attribute id is mapped to the column student_id -->
		<id name="addId" type="integer">
			<column name="addId" />
			<generator class="foreign"> <param name="property">emp</param></generator>
		</id>
		
		<!-- Attribute name is mapped to the column student_name -->
		<property name="houseNo" type="integer">
			<column name="houseNo" length="20"  />
		</property>
		<!-- Attribute name is mapped to the column student_name -->
		<property name="city" type="string">
			<column name="city" length="20"  />
		</property>
		<!-- Attribute name is mapped to the column student_name -->
		<property name="state" type="string">
			<column name="state" length="20"  />
		</property>
		<!-- Attribute name is mapped to the column student_name -->
		<property name="pincode" type="long">
			<column name="pincode" length="20"  />
		</property>

		<one-to-one name="emp" ></one-to-one>
		
	</class>
	</hibernate-mapping>