<?xml version="1.0"?>
<!DOCTYPE hibernate-mapping PUBLIC "-//Hibernate/Hibernate Mapping DTD 3.0//EN"
"http://www.hibernate.org/dtd/hibernate-mapping-3.0.dtd">

<hibernate-mapping>
	<!-- class name is the fully qualified name of the POJO class -->
	<!-- table is the name of the database table which represents the Student -->
	<class name="com.src.model.Employee" table="employee11" >
		<!-- Attribute id is mapped to the column student_id -->
		<id name="empId" type="integer">
			<column name="empId" />
			<generator class="increment"></generator>
		</id>
		
		<!-- Attribute name is mapped to the column student_name -->
		<property name="empName" type="string">
			<column name="empName" length="10"  />
		</property>

		<one-to-one name="add" cascade="all"></one-to-one>
		
	</class>
	</hibernate-mapping>