<?xml version="1.0"?>
<!DOCTYPE hibernate-mapping PUBLIC "-//Hibernate/Hibernate Mapping DTD 3.0//EN"
"http://www.hibernate.org/dtd/hibernate-mapping-3.0.dtd">

<hibernate-mapping>
	
	<class name="com.src.model.Answer" table="answer11" >
		<!-- Attribute id is mapped to the column student_id -->
		<id name="ansId" type="integer">
			<column name="ansId" />
			<generator class="increment"></generator>
		</id>
		
		<!-- Attribute name is mapped to the column student_name -->
		<property name="ansDesc" type="string">
			<column name="ansDesc" length="40"  />
		</property>
		<!-- Attribute name is mapped to the column student_name -->
		<property name="postedBy" type="string">
			<column name="postedBy" length="40"  />
		</property>
  
		
	</class>
	</hibernate-mapping>
