<?xml version="1.0"?>
<!DOCTYPE hibernate-mapping PUBLIC "-//Hibernate/Hibernate Mapping DTD 3.0//EN"
"http://www.hibernate.org/dtd/hibernate-mapping-3.0.dtd">

<hibernate-mapping>
	<!-- class name is the fully qualified name of the POJO class -->
	<!-- table is the name of the database table which represents the Student -->
	<class name="com.src.model.Quiz" table="question11" >
		<!-- Attribute id is mapped to the column student_id -->
		<id name="queId" type="integer">
			<column name="queId" />
			<generator class="increment"></generator>
		</id>
		
		<!-- Attribute name is mapped to the column student_name -->
		<property name="queValue" type="string">
			<column name="queValue"   />
		</property>
      <list name="answers" cascade="all" table="answres1">
      <key column="queId"> </key>
      <index column="type"></index>
      <many-to-many class="com.src.model.Answer" column="answerId"></many-to-many>
      </list>
		
	</class>
	
	</hibernate-mapping>