<?xml version="1.0" encoding="utf-8"?>
<r:realestate xmlns:xsi="http://www.w3.org/2001/XMLSchema-instance" xmlns:r="http://www.estate.com" xsi:schemaLocation="http://www.estate.com 4xsd.xsd">
	<agencies name="infotech" e-mail="agency@gamil.com" phone="1234"></agencies>
		
	<owners oid="o1" name="reddy"></owners>
	<properties pid="p1" opid="o1" name="reddy builders" noofflats="10"></properties>
	<flats fid="f1" fpid="p1" name="arunaplaza" desc="2bedroom" dateposted="1998-02-02" levels="A" rate="90"></flats>
	
</r:realestate>
