<?xml version="1.0" encoding="UTF-8"?>
<schema elementFormDefault="qualified" xmlns="http://www.w3.org/2001/XMLSchema">	
<element name="realestate">
	<complexType >
		<sequence>
			<element name="agencies" >
				<complexType mixed="true">
					<sequence>
						<element name="name" type="string"></element>
						<element name="e-mail" type="string"></element>
						<element name="phone" type="int">	</element>
						</sequence>
						</complexType>
			</element>
				<element name="owners" >
					<complexType>
						<sequence>
						<element name="name" type="string"></element>
						</sequence>
						</complexType>
				</element>
				<element name="properties" >
					<complexType>
						<sequence>
						<element name="name" type="string"></element>
						<element name="noofflats" type="int"></element>
						</sequence>
						</complexType>
				</element>
				<element name="flats" >
				<complexType >
					<sequence>
						<element name="name" type="string"></element>
						<element name="desc" type="string"></element>
						</sequence>
						</complexType>
			</element>
				
			
		</sequence>
	</complexType>	
</element>	
</schema>