<?xml version="1.0" encoding="utf-8"?>
<r:realestate xmlns:xsi="http://www.w3.org/2001/XMLSchema-instance" xmlns:r="http://estateinfo.com" xsi:schemaLocation="http://estateinfo.com realestate2.xsd">
	<agencies>
		<name>infotech</name>
		<e-mail>agency@gamil.com</e-mail>
		<phone>1234</phone>
	</agencies>
	<owners>
		<name>gowri</name>
	</owners>
	<properties>
		<name>gowrivip  builders</name>
		<noofflats>100</noofflats>
	</properties>
	<flats>
		<name>ahappyhome</name>
		<desc>2 bedroom</desc>
	</flats>
</r:realestate>
